name,updated_at,tags,rollup_sources
FANCY BEAR,2018-02-02T23:58:46Z,,CrowdStrike
VIXEN PANDA,2018-02-02T23:58:39Z,,Kevin Libby
HAMMER PANDA,2018-02-02T23:58:32Z,,CrowdStrike
GOBLIN PANDA,2018-02-02T23:58:25Z,,CrowdStrike
ANCHOR PANDA,2018-02-02T23:58:17Z,,CrowdStrike
ANDROMEDA SPIDER,2018-02-02T23:58:10Z,,CrowdStrike
CARBON SPIDER,2018-02-02T23:58:04Z,,CrowdStrike
BERSERK BEAR,2018-02-02T23:57:56Z,,CrowdStrike
PUTTER PANDA,2018-02-02T23:57:48Z,,CrowdStrike
COMMENT PANDA,2018-02-02T23:57:41Z,,CrowdStrike
MAVERICK PANDA,2018-02-02T23:57:34Z,,CrowdStrike
EMISSARY PANDA,2018-02-02T23:57:27Z,,CrowdStrike
GOTHIC PANDA,2018-02-02T23:57:20Z,,CrowdStrike
SAMURAI PANDA,2018-02-02T23:57:12Z,,CrowdStrike
COZY BEAR,2018-02-02T23:57:05Z,,CrowdStrike
ELOQUENT PANDA,2018-02-02T23:56:58Z,,CrowdStrike
OVERRIDE PANDA,2018-02-02T23:56:51Z,,CrowdStrike
BOULDER BEAR,2018-02-02T23:56:43Z,,CrowdStrike
WET PANDA,2018-02-02T23:56:36Z,,CrowdStrike
FLYING KITTEN,2018-02-02T23:56:29Z,,CrowdStrike
ENERGETIC BEAR,2018-02-02T23:56:22Z,,CrowdStrike
SHARK SPIDER,2018-02-02T23:56:15Z,,CrowdStrike
SABRE PANDA,2018-02-02T23:56:07Z,,CrowdStrike
DEADEYE JACKAL,2018-02-02T23:56:00Z,,CrowdStrike
PREDATOR PANDA,2018-02-02T23:55:53Z,,CrowdStrike
MAGIC KITTEN,2018-02-02T23:55:46Z,,CrowdStrike
NIGHTSHADE PANDA,2018-02-02T23:55:38Z,,CrowdStrike
TEMPER PANDA,2018-02-02T23:55:31Z,,CrowdStrike
WOLF SPIDER,2018-02-02T23:55:24Z,,CrowdStrike
GIBBERISH PANDA,2018-02-02T23:55:17Z,,CrowdStrike
YLB - animals,2018-02-02T23:55:09Z,,Yann LeBorgne
Snake,2018-02-02T23:55:02Z,,chris@threatq.com
Gaza Hackers,2018-02-02T23:54:55Z,,Nir Yosha
SuckFly,2018-02-02T23:54:47Z,,Kevin Libby
Prince of Persia - Game Over,2018-02-02T23:54:40Z,,Neal Humphrey
BOSON SPIDER,2018-02-02T23:54:33Z,,CrowdStrike
PatPanda,2018-02-02T23:54:25Z,,CrowdStrike
{{Test}},2018-02-02T23:16:04Z,,Nir Yosha
{Test},2018-02-02T23:15:54Z,,Nir Yosha
Blackfly,2018-02-02T23:15:45Z,,DeepSight Intelligence
Winnti Group,2018-02-02T23:15:36Z,,DeepSight Intelligence Report
CRM36 Threat Group,2018-02-02T23:15:26Z,,DeepSight Intelligence Report
Couch Ransomers,2018-02-02T23:15:16Z,,Couch
UPS Brand,2018-02-02T23:15:07Z,,UPS
VOODOO BEAR,2018-02-02T23:15:00Z,,CrowdStrike
James Bond,2018-02-02T23:14:51Z,,Clint.Hart@theratq.com
Lone Ranger,2018-02-02T23:14:42Z,,Clint.Hart@theratq.com
Darth Vedar,2018-02-02T23:14:32Z,,Clint.Hart@theratq.com
John Wick,2018-02-02T23:14:23Z,,Clint.Hart@theratq.com
Morpheus & Neo,2018-02-02T23:14:14Z,,Clint.Hart@theratq.com
Jack Reacher,2018-02-02T23:14:06Z,,Clint.Hart@theratq.com
