time,PID,USER,PR,NI,VIRT,RES,SHR,S,%CPU,%MEM,TIME+,COMMAND
2020-03-30 15:37:36,3891,threatq,20,0,514232,52216,6912,S,0.0,0.7,0:02.09,/opt/threatq/python/bin/python3.5,/opt/threatq/python/bin/dynamo
2020-03-30 15:38:37,3891,threatq,20,0,887752,57176,6932,S,0.0,0.7,0:07.44,/opt/threatq/python/bin/python3.5,/opt/threatq/python/bin/dynamo
2020-03-30 15:39:59,3891,threatq,20,0,961484,57188,6932,S,0.0,0.7,0:10.50,/opt/threatq/python/bin/python3.5,/opt/threatq/python/bin/dynamo
2020-03-30 15:41:05,3891,threatq,20,0,961484,57188,6932,S,0.0,0.7,0:10.64,/opt/threatq/python/bin/python3.5,/opt/threatq/python/bin/dynamo
2020-03-30 15:42:07,3891,threatq,20,0,961484,57188,6932,S,5.9,0.7,0:10.80,/opt/threatq/python/bin/python3.5,/opt/threatq/python/bin/dynamo
2020-03-30 15:43:08,3891,threatq,20,0,961484,57188,6932,S,0.0,0.7,0:10.95,/opt/threatq/python/bin/python3.5,/opt/threatq/python/bin/dynamo
2020-03-30 15:44:09,3891,threatq,20,0,961484,57188,6932,S,5.6,0.7,0:11.10,/opt/threatq/python/bin/python3.5,/opt/threatq/python/bin/dynamo
2020-03-30 15:45:09,3891,threatq,20,0,961484,57188,6932,S,5.9,0.7,0:11.25,/opt/threatq/python/bin/python3.5,/opt/threatq/python/bin/dynamo
2020-03-30 15:46:11,3891,threatq,20,0,961484,57188,6932,S,0.0,0.7,0:11.40,/opt/threatq/python/bin/python3.5,/opt/threatq/python/bin/dynamo
2020-03-30 15:47:12,3891,threatq,20,0,961484,57188,6932,S,0.0,0.7,0:11.56,/opt/threatq/python/bin/python3.5,/opt/threatq/python/bin/dynamo
2020-03-30 15:48:12,3891,threatq,20,0,961484,57188,6932,S,0.0,0.7,0:11.71,/opt/threatq/python/bin/python3.5,/opt/threatq/python/bin/dynamo
2020-03-30 15:49:13,3891,threatq,20,0,961484,57188,6932,S,0.0,0.7,0:11.85,/opt/threatq/python/bin/python3.5,/opt/threatq/python/bin/dynamo
2020-03-30 15:50:14,3891,threatq,20,0,961484,57188,6932,S,0.0,0.7,0:12.00,/opt/threatq/python/bin/python3.5,/opt/threatq/python/bin/dynamo
2020-03-30 15:51:14,3891,threatq,20,0,961484,57188,6932,S,0.0,0.7,0:12.14,/opt/threatq/python/bin/python3.5,/opt/threatq/python/bin/dynamo
2020-03-30 15:52:15,3891,threatq,20,0,961484,57188,6932,S,0.0,0.7,0:12.29,/opt/threatq/python/bin/python3.5,/opt/threatq/python/bin/dynamo
2020-03-30 15:53:16,3891,threatq,20,0,961484,57188,6932,S,0.0,0.7,0:12.46,/opt/threatq/python/bin/python3.5,/opt/threatq/python/bin/dynamo
2020-03-30 15:54:16,3891,threatq,20,0,961484,57188,6932,S,0.0,0.7,0:12.61,/opt/threatq/python/bin/python3.5,/opt/threatq/python/bin/dynamo
2020-03-30 15:55:18,3891,threatq,20,0,961484,57188,6932,S,5.9,0.7,0:12.79,/opt/threatq/python/bin/python3.5,/opt/threatq/python/bin/dynamo
2020-03-30 15:56:19,3891,threatq,20,0,961484,57188,6932,S,0.0,0.7,0:12.96,/opt/threatq/python/bin/python3.5,/opt/threatq/python/bin/dynamo
2020-03-30 15:57:20,3891,threatq,20,0,961484,57188,6932,S,0.0,0.7,0:13.12,/opt/threatq/python/bin/python3.5,/opt/threatq/python/bin/dynamo
2020-03-30 15:58:21,3891,threatq,20,0,961484,57188,6932,S,0.0,0.7,0:13.29,/opt/threatq/python/bin/python3.5,/opt/threatq/python/bin/dynamo
2020-03-30 15:59:23,3891,threatq,20,0,961484,57188,6932,S,5.9,0.7,0:13.45,/opt/threatq/python/bin/python3.5,/opt/threatq/python/bin/dynamo
2020-03-30 16:00:25,3891,threatq,20,0,961484,57188,6932,S,0.0,0.7,0:13.60,/opt/threatq/python/bin/python3.5,/opt/threatq/python/bin/dynamo
2020-03-30 16:01:26,3891,threatq,20,0,961484,57188,6932,S,0.0,0.7,0:13.75,/opt/threatq/python/bin/python3.5,/opt/threatq/python/bin/dynamo
2020-03-30 16:02:26,3891,threatq,20,0,961484,57188,6932,S,0.0,0.7,0:13.89,/opt/threatq/python/bin/python3.5,/opt/threatq/python/bin/dynamo
2020-03-30 16:03:27,3891,threatq,20,0,961484,57188,6932,S,0.0,0.7,0:14.04,/opt/threatq/python/bin/python3.5,/opt/threatq/python/bin/dynamo
2020-03-30 16:04:29,3891,threatq,20,0,961484,57188,6932,S,0.0,0.7,0:14.21,/opt/threatq/python/bin/python3.5,/opt/threatq/python/bin/dynamo
2020-03-30 16:05:29,3891,threatq,20,0,961484,57188,6932,S,0.0,0.7,0:14.35,/opt/threatq/python/bin/python3.5,/opt/threatq/python/bin/dynamo
2020-03-30 16:06:30,3891,threatq,20,0,961484,57188,6932,S,0.0,0.7,0:14.51,/opt/threatq/python/bin/python3.5,/opt/threatq/python/bin/dynamo
2020-03-30 16:07:32,3891,threatq,20,0,961484,57188,6932,S,0.0,0.7,0:14.66,/opt/threatq/python/bin/python3.5,/opt/threatq/python/bin/dynamo
2020-03-30 16:08:32,3891,threatq,20,0,961484,57188,6932,S,0.0,0.7,0:14.80,/opt/threatq/python/bin/python3.5,/opt/threatq/python/bin/dynamo
2020-03-30 16:09:33,3891,threatq,20,0,961484,57188,6932,S,0.0,0.7,0:14.93,/opt/threatq/python/bin/python3.5,/opt/threatq/python/bin/dynamo
2020-03-30 16:10:34,3891,threatq,20,0,961484,57188,6932,S,0.0,0.7,0:15.06,/opt/threatq/python/bin/python3.5,/opt/threatq/python/bin/dynamo
2020-03-30 16:11:34,3891,threatq,20,0,961484,57188,6932,S,0.0,0.7,0:15.20,/opt/threatq/python/bin/python3.5,/opt/threatq/python/bin/dynamo
2020-03-30 16:12:35,3891,threatq,20,0,961484,57188,6932,S,0.0,0.7,0:15.35,/opt/threatq/python/bin/python3.5,/opt/threatq/python/bin/dynamo
2020-03-30 16:13:37,3891,threatq,20,0,961484,57188,6932,S,0.0,0.7,0:15.49,/opt/threatq/python/bin/python3.5,/opt/threatq/python/bin/dynamo
2020-03-30 16:14:37,3891,threatq,20,0,961484,57188,6932,S,0.0,0.7,0:15.64,/opt/threatq/python/bin/python3.5,/opt/threatq/python/bin/dynamo
2020-03-30 16:15:38,3891,threatq,20,0,961484,57188,6932,S,0.0,0.7,0:15.77,/opt/threatq/python/bin/python3.5,/opt/threatq/python/bin/dynamo
2020-03-30 16:16:39,3891,threatq,20,0,961484,57188,6932,S,0.0,0.7,0:15.91,/opt/threatq/python/bin/python3.5,/opt/threatq/python/bin/dynamo
2020-03-30 16:17:39,3891,threatq,20,0,961484,57188,6932,S,0.0,0.7,0:16.06,/opt/threatq/python/bin/python3.5,/opt/threatq/python/bin/dynamo
2020-03-30 16:18:40,3891,threatq,20,0,961484,57188,6932,S,0.0,0.7,0:16.21,/opt/threatq/python/bin/python3.5,/opt/threatq/python/bin/dynamo
2020-03-30 16:19:40,3891,threatq,20,0,961484,57188,6932,S,0.0,0.7,0:16.36,/opt/threatq/python/bin/python3.5,/opt/threatq/python/bin/dynamo
2020-03-30 16:20:41,3891,threatq,20,0,961484,57188,6932,S,0.0,0.7,0:16.50,/opt/threatq/python/bin/python3.5,/opt/threatq/python/bin/dynamo
2020-03-30 16:21:42,3891,threatq,20,0,961484,57188,6932,S,0.0,0.7,0:16.63,/opt/threatq/python/bin/python3.5,/opt/threatq/python/bin/dynamo
2020-03-30 16:22:42,3891,threatq,20,0,961484,57188,6932,S,0.0,0.7,0:16.79,/opt/threatq/python/bin/python3.5,/opt/threatq/python/bin/dynamo
2020-03-30 16:23:43,3891,threatq,20,0,961484,57188,6932,S,0.0,0.7,0:16.92,/opt/threatq/python/bin/python3.5,/opt/threatq/python/bin/dynamo
2020-03-30 16:24:44,3891,threatq,20,0,961484,57188,6932,S,0.0,0.7,0:17.04,/opt/threatq/python/bin/python3.5,/opt/threatq/python/bin/dynamo
2020-03-30 16:25:44,3891,threatq,20,0,961484,57188,6932,S,0.0,0.7,0:17.17,/opt/threatq/python/bin/python3.5,/opt/threatq/python/bin/dynamo
2020-03-30 16:26:45,3891,threatq,20,0,961484,57188,6932,S,0.0,0.7,0:17.31,/opt/threatq/python/bin/python3.5,/opt/threatq/python/bin/dynamo
2020-03-30 16:27:46,3891,threatq,20,0,961484,57188,6932,S,0.0,0.7,0:17.45,/opt/threatq/python/bin/python3.5,/opt/threatq/python/bin/dynamo
2020-03-30 16:28:46,3891,threatq,20,0,961484,57188,6932,S,0.0,0.7,0:17.60,/opt/threatq/python/bin/python3.5,/opt/threatq/python/bin/dynamo
2020-03-30 16:29:47,3891,threatq,20,0,961484,57188,6932,S,0.0,0.7,0:17.74,/opt/threatq/python/bin/python3.5,/opt/threatq/python/bin/dynamo
2020-03-30 16:30:48,3891,threatq,20,0,961484,57188,6932,S,0.0,0.7,0:17.88,/opt/threatq/python/bin/python3.5,/opt/threatq/python/bin/dynamo
2020-03-30 16:31:48,3891,threatq,20,0,961484,57188,6932,S,0.0,0.7,0:18.02,/opt/threatq/python/bin/python3.5,/opt/threatq/python/bin/dynamo
2020-03-30 16:32:49,3891,threatq,20,0,961484,57188,6932,S,0.0,0.7,0:18.15,/opt/threatq/python/bin/python3.5,/opt/threatq/python/bin/dynamo
2020-03-30 16:33:50,3891,threatq,20,0,961484,57188,6932,S,0.0,0.7,0:18.30,/opt/threatq/python/bin/python3.5,/opt/threatq/python/bin/dynamo
2020-03-30 16:34:50,3891,threatq,20,0,961484,57188,6932,S,0.0,0.7,0:18.43,/opt/threatq/python/bin/python3.5,/opt/threatq/python/bin/dynamo
2020-03-30 16:35:51,3891,threatq,20,0,961484,57188,6932,S,0.0,0.7,0:18.56,/opt/threatq/python/bin/python3.5,/opt/threatq/python/bin/dynamo
2020-03-30 16:36:52,3891,threatq,20,0,961484,57188,6932,S,0.0,0.7,0:18.70,/opt/threatq/python/bin/python3.5,/opt/threatq/python/bin/dynamo
2020-03-30 16:37:52,3891,threatq,20,0,1035216,59244,6932,S,0.0,0.7,0:18.87,/opt/threatq/python/bin/python3.5,/opt/threatq/python/bin/dynamo
2020-03-30 16:38:53,3891,threatq,20,0,1845208,115376,8572,S,11.1,1.4,0:28.20,/opt/threatq/python/bin/python3.5,/opt/threatq/python/bin/dynamo
2020-03-30 16:39:54,3891,threatq,20,0,2039980,334092,8680,R,88.9,4.2,1:16.48,/opt/threatq/python/bin/python3.5,/opt/threatq/python/bin/dynamo
2020-03-30 16:40:54,3891,threatq,20,0,2627356,915160,8692,R,94.4,11.4,2:15.86,/opt/threatq/python/bin/python3.5,/opt/threatq/python/bin/dynamo
2020-03-30 16:41:55,3891,threatq,20,0,2628380,916088,8692,R,89.5,11.4,3:17.18,/opt/threatq/python/bin/python3.5,/opt/threatq/python/bin/dynamo
2020-03-30 16:42:56,3891,threatq,20,0,2628636,916660,8692,R,100.0,11.4,4:17.70,/opt/threatq/python/bin/python3.5,/opt/threatq/python/bin/dynamo
2020-03-30 16:43:56,3891,threatq,20,0,2629916,917936,8692,S,0.0,11.5,5:05.46,/opt/threatq/python/bin/python3.5,/opt/threatq/python/bin/dynamo
2020-03-30 16:44:58,3891,threatq,20,0,2629916,917936,8692,S,0.0,11.5,5:11.43,/opt/threatq/python/bin/python3.5,/opt/threatq/python/bin/dynamo
2020-03-30 16:46:00,3891,threatq,20,0,2629916,917936,8692,R,78.9,11.5,5:23.46,/opt/threatq/python/bin/python3.5,/opt/threatq/python/bin/dynamo
2020-03-30 16:47:01,3891,threatq,20,0,2629916,917936,8692,S,0.0,11.5,5:34.87,/opt/threatq/python/bin/python3.5,/opt/threatq/python/bin/dynamo
2020-03-30 16:48:03,3891,threatq,20,0,2629916,917936,8692,R,63.6,11.5,5:43.89,/opt/threatq/python/bin/python3.5,/opt/threatq/python/bin/dynamo
2020-03-30 16:49:05,3891,threatq,20,0,2628892,916924,8692,S,0.0,11.4,5:56.86,/opt/threatq/python/bin/python3.5,/opt/threatq/python/bin/dynamo
2020-03-30 16:50:07,3891,threatq,20,0,2628892,916924,8692,S,0.0,11.4,6:08.19,/opt/threatq/python/bin/python3.5,/opt/threatq/python/bin/dynamo
2020-03-30 16:51:08,3891,threatq,20,0,2628892,916924,8692,S,0.0,11.4,6:22.50,/opt/threatq/python/bin/python3.5,/opt/threatq/python/bin/dynamo
2020-03-30 16:52:10,3891,threatq,20,0,2628892,916924,8692,S,0.0,11.4,6:33.37,/opt/threatq/python/bin/python3.5,/opt/threatq/python/bin/dynamo
2020-03-30 16:53:10,3891,threatq,20,0,2628892,916924,8692,R,5.9,11.4,6:43.73,/opt/threatq/python/bin/python3.5,/opt/threatq/python/bin/dynamo
2020-03-30 16:54:12,3891,threatq,20,0,2628892,916924,8692,S,0.0,11.4,6:54.05,/opt/threatq/python/bin/python3.5,/opt/threatq/python/bin/dynamo
2020-03-30 16:55:13,3891,threatq,20,0,2628892,916924,8692,S,0.0,11.4,7:04.22,/opt/threatq/python/bin/python3.5,/opt/threatq/python/bin/dynamo
2020-03-30 16:56:14,3891,threatq,20,0,2628892,916924,8692,S,0.0,11.4,7:16.92,/opt/threatq/python/bin/python3.5,/opt/threatq/python/bin/dynamo
2020-03-30 16:57:15,3891,threatq,20,0,2628892,916924,8692,S,0.0,11.4,7:28.55,/opt/threatq/python/bin/python3.5,/opt/threatq/python/bin/dynamo
2020-03-30 16:58:16,3891,threatq,20,0,2628892,916924,8692,S,0.0,11.4,7:39.97,/opt/threatq/python/bin/python3.5,/opt/threatq/python/bin/dynamo
2020-03-30 16:59:18,3891,threatq,20,0,2628892,916924,8692,S,0.0,11.4,7:51.49,/opt/threatq/python/bin/python3.5,/opt/threatq/python/bin/dynamo
2020-03-30 17:00:19,3891,threatq,20,0,2628892,916924,8692,S,0.0,11.4,8:03.95,/opt/threatq/python/bin/python3.5,/opt/threatq/python/bin/dynamo
2020-03-30 17:01:20,3891,threatq,20,0,2628892,916924,8692,S,0.0,11.4,8:15.61,/opt/threatq/python/bin/python3.5,/opt/threatq/python/bin/dynamo
2020-03-30 17:02:22,3891,threatq,20,0,2628892,916956,8692,R,84.2,11.4,8:27.55,/opt/threatq/python/bin/python3.5,/opt/threatq/python/bin/dynamo
2020-03-30 17:03:24,3891,threatq,20,0,2628892,916956,8692,S,0.0,11.4,8:38.17,/opt/threatq/python/bin/python3.5,/opt/threatq/python/bin/dynamo
2020-03-30 17:04:25,3891,threatq,20,0,2628892,916956,8692,S,0.0,11.4,8:51.11,/opt/threatq/python/bin/python3.5,/opt/threatq/python/bin/dynamo
2020-03-30 17:05:26,3891,threatq,20,0,2628892,916956,8692,S,0.0,11.4,9:03.03,/opt/threatq/python/bin/python3.5,/opt/threatq/python/bin/dynamo
2020-03-30 17:06:26,3891,threatq,20,0,2628892,916956,8692,S,0.0,11.4,9:14.51,/opt/threatq/python/bin/python3.5,/opt/threatq/python/bin/dynamo
2020-03-30 17:07:27,3891,threatq,20,0,2628892,916956,8692,S,0.0,11.4,9:25.11,/opt/threatq/python/bin/python3.5,/opt/threatq/python/bin/dynamo
2020-03-30 17:08:28,3891,threatq,20,0,2628892,916956,8692,S,0.0,11.4,9:33.74,/opt/threatq/python/bin/python3.5,/opt/threatq/python/bin/dynamo
2020-03-30 17:09:28,3891,threatq,20,0,2628892,916956,8692,S,0.0,11.4,9:45.67,/opt/threatq/python/bin/python3.5,/opt/threatq/python/bin/dynamo
2020-03-30 17:10:29,3891,threatq,20,0,2628892,916956,8692,S,0.0,11.4,9:57.11,/opt/threatq/python/bin/python3.5,/opt/threatq/python/bin/dynamo
2020-03-30 17:11:30,3891,threatq,20,0,2628892,916956,8692,S,0.0,11.4,10:09.25,/opt/threatq/python/bin/python3.5,/opt/threatq/python/bin/dynamo
2020-03-30 17:12:31,3891,threatq,20,0,2628892,916956,8692,R,88.9,11.4,10:19.99,/opt/threatq/python/bin/python3.5,/opt/threatq/python/bin/dynamo
2020-03-30 17:13:32,3891,threatq,20,0,2628892,916956,8692,S,0.0,11.4,10:31.05,/opt/threatq/python/bin/python3.5,/opt/threatq/python/bin/dynamo
2020-03-30 17:14:32,3891,threatq,20,0,2628892,916956,8692,S,0.0,11.4,10:43.70,/opt/threatq/python/bin/python3.5,/opt/threatq/python/bin/dynamo
2020-03-30 17:15:34,3891,threatq,20,0,2628892,916956,8692,R,94.1,11.4,10:54.43,/opt/threatq/python/bin/python3.5,/opt/threatq/python/bin/dynamo
2020-03-30 17:16:35,3891,threatq,20,0,2628892,916956,8692,S,0.0,11.4,11:06.70,/opt/threatq/python/bin/python3.5,/opt/threatq/python/bin/dynamo
2020-03-30 17:17:35,3891,threatq,20,0,2628892,916956,8692,S,0.0,11.4,11:18.20,/opt/threatq/python/bin/python3.5,/opt/threatq/python/bin/dynamo
2020-03-30 17:18:36,3891,threatq,20,0,2628892,916956,8692,R,88.9,11.4,11:27.09,/opt/threatq/python/bin/python3.5,/opt/threatq/python/bin/dynamo
2020-03-30 17:19:38,3891,threatq,20,0,2628892,916956,8692,S,0.0,11.4,11:39.22,/opt/threatq/python/bin/python3.5,/opt/threatq/python/bin/dynamo
2020-03-30 17:20:39,3891,threatq,20,0,2628892,916956,8692,S,0.0,11.4,11:46.55,/opt/threatq/python/bin/python3.5,/opt/threatq/python/bin/dynamo
2020-03-30 17:21:40,3891,threatq,20,0,2627100,915168,8692,R,94.1,11.4,11:54.40,/opt/threatq/python/bin/python3.5,/opt/threatq/python/bin/dynamo
2020-03-30 17:22:41,3891,threatq,20,0,2626844,914912,8692,S,0.0,11.4,12:05.08,/opt/threatq/python/bin/python3.5,/opt/threatq/python/bin/dynamo
2020-03-30 17:23:42,3891,threatq,20,0,2626844,914912,8692,S,0.0,11.4,12:14.87,/opt/threatq/python/bin/python3.5,/opt/threatq/python/bin/dynamo
2020-03-30 17:24:43,3891,threatq,20,0,2626844,914912,8692,R,94.4,11.4,12:23.73,/opt/threatq/python/bin/python3.5,/opt/threatq/python/bin/dynamo
2020-03-30 17:25:43,3891,threatq,20,0,2626844,914912,8692,S,0.0,11.4,12:32.36,/opt/threatq/python/bin/python3.5,/opt/threatq/python/bin/dynamo
2020-03-30 17:26:44,3891,threatq,20,0,2626844,914912,8692,S,0.0,11.4,12:44.18,/opt/threatq/python/bin/python3.5,/opt/threatq/python/bin/dynamo
2020-03-30 17:27:45,3891,threatq,20,0,2626844,914912,8692,S,0.0,11.4,12:53.81,/opt/threatq/python/bin/python3.5,/opt/threatq/python/bin/dynamo
2020-03-30 17:28:47,3891,threatq,20,0,2626844,914912,8692,S,0.0,11.4,13:03.00,/opt/threatq/python/bin/python3.5,/opt/threatq/python/bin/dynamo
2020-03-30 17:29:47,3891,threatq,20,0,2626844,914912,8692,R,94.1,11.4,13:13.19,/opt/threatq/python/bin/python3.5,/opt/threatq/python/bin/dynamo
2020-03-30 17:30:48,3891,threatq,20,0,2626844,914912,8692,S,0.0,11.4,13:23.26,/opt/threatq/python/bin/python3.5,/opt/threatq/python/bin/dynamo
2020-03-30 17:31:49,3891,threatq,20,0,2626844,914912,8692,S,0.0,11.4,13:34.22,/opt/threatq/python/bin/python3.5,/opt/threatq/python/bin/dynamo
2020-03-30 17:32:50,3891,threatq,20,0,2626844,914912,8692,S,0.0,11.4,13:40.96,/opt/threatq/python/bin/python3.5,/opt/threatq/python/bin/dynamo
2020-03-30 17:33:51,3891,threatq,20,0,2626844,914912,8692,R,88.9,11.4,13:53.22,/opt/threatq/python/bin/python3.5,/opt/threatq/python/bin/dynamo
2020-03-30 17:34:52,3891,threatq,20,0,2626844,914912,8692,S,0.0,11.4,14:05.01,/opt/threatq/python/bin/python3.5,/opt/threatq/python/bin/dynamo
2020-03-30 17:35:53,3891,threatq,20,0,2626844,914912,8692,S,0.0,11.4,14:16.26,/opt/threatq/python/bin/python3.5,/opt/threatq/python/bin/dynamo
2020-03-30 17:36:54,3891,threatq,20,0,2626844,914912,8692,R,94.4,11.4,14:26.78,/opt/threatq/python/bin/python3.5,/opt/threatq/python/bin/dynamo
2020-03-30 17:37:55,3891,threatq,20,0,2626844,914912,8692,S,0.0,11.4,14:36.10,/opt/threatq/python/bin/python3.5,/opt/threatq/python/bin/dynamo
2020-03-30 17:38:57,3891,threatq,20,0,2626844,914912,8692,S,0.0,11.4,14:43.93,/opt/threatq/python/bin/python3.5,/opt/threatq/python/bin/dynamo
2020-03-30 17:39:58,3891,threatq,20,0,2626844,914912,8692,S,0.0,11.4,14:54.37,/opt/threatq/python/bin/python3.5,/opt/threatq/python/bin/dynamo
2020-03-30 17:40:59,3891,threatq,20,0,2626844,914912,8692,S,0.0,11.4,15:01.25,/opt/threatq/python/bin/python3.5,/opt/threatq/python/bin/dynamo
2020-03-30 17:42:00,3891,threatq,20,0,2626844,914912,8692,S,0.0,11.4,15:13.96,/opt/threatq/python/bin/python3.5,/opt/threatq/python/bin/dynamo
2020-03-30 17:43:01,3891,threatq,20,0,2626844,914912,8692,S,0.0,11.4,15:22.56,/opt/threatq/python/bin/python3.5,/opt/threatq/python/bin/dynamo
2020-03-30 17:44:02,3891,threatq,20,0,2626844,914912,8692,R,78.9,11.4,15:31.24,/opt/threatq/python/bin/python3.5,/opt/threatq/python/bin/dynamo
2020-03-30 17:45:04,3891,threatq,20,0,2626844,914912,8692,S,0.0,11.4,15:41.16,/opt/threatq/python/bin/python3.5,/opt/threatq/python/bin/dynamo
2020-03-30 17:46:06,3891,threatq,20,0,2626844,914912,8692,S,5.9,11.4,15:51.25,/opt/threatq/python/bin/python3.5,/opt/threatq/python/bin/dynamo
2020-03-30 17:47:07,3891,threatq,20,0,2626844,914912,8692,S,0.0,11.4,15:57.85,/opt/threatq/python/bin/python3.5,/opt/threatq/python/bin/dynamo
2020-03-30 17:48:09,3891,threatq,20,0,2626844,914912,8692,S,0.0,11.4,16:07.16,/opt/threatq/python/bin/python3.5,/opt/threatq/python/bin/dynamo
2020-03-30 17:49:10,3891,threatq,20,0,2626844,914912,8692,S,27.8,11.4,16:18.48,/opt/threatq/python/bin/python3.5,/opt/threatq/python/bin/dynamo
2020-03-30 17:50:11,3891,threatq,20,0,2626844,914912,8692,S,0.0,11.4,16:25.83,/opt/threatq/python/bin/python3.5,/opt/threatq/python/bin/dynamo
2020-03-30 17:51:13,3891,threatq,20,0,2626844,914912,8692,S,5.9,11.4,16:35.79,/opt/threatq/python/bin/python3.5,/opt/threatq/python/bin/dynamo
2020-03-30 17:52:14,3891,threatq,20,0,2626844,914912,8692,S,0.0,11.4,16:46.91,/opt/threatq/python/bin/python3.5,/opt/threatq/python/bin/dynamo
2020-03-30 17:53:16,3891,threatq,20,0,2626844,914912,8692,S,0.0,11.4,16:56.82,/opt/threatq/python/bin/python3.5,/opt/threatq/python/bin/dynamo
2020-03-30 17:54:18,3891,threatq,20,0,2626844,914912,8692,R,80.0,11.4,17:04.92,/opt/threatq/python/bin/python3.5,/opt/threatq/python/bin/dynamo
2020-03-30 17:55:19,3891,threatq,20,0,2626844,914912,8692,S,5.0,11.4,17:15.22,/opt/threatq/python/bin/python3.5,/opt/threatq/python/bin/dynamo
2020-03-30 17:56:19,3891,threatq,20,0,2626844,914912,8692,S,0.0,11.4,17:26.28,/opt/threatq/python/bin/python3.5,/opt/threatq/python/bin/dynamo
2020-03-30 17:57:21,3891,threatq,20,0,2626844,914912,8692,S,0.0,11.4,17:37.00,/opt/threatq/python/bin/python3.5,/opt/threatq/python/bin/dynamo
2020-03-30 17:58:22,3891,threatq,20,0,2626844,914912,8692,S,0.0,11.4,17:46.05,/opt/threatq/python/bin/python3.5,/opt/threatq/python/bin/dynamo
2020-03-30 17:59:24,3891,threatq,20,0,2626844,914912,8692,S,0.0,11.4,17:57.09,/opt/threatq/python/bin/python3.5,/opt/threatq/python/bin/dynamo
2020-03-30 18:00:25,3891,threatq,20,0,2626844,914912,8692,S,0.0,11.4,18:07.51,/opt/threatq/python/bin/python3.5,/opt/threatq/python/bin/dynamo
2020-03-30 18:01:26,3891,threatq,20,0,2626844,914912,8692,S,0.0,11.4,18:16.33,/opt/threatq/python/bin/python3.5,/opt/threatq/python/bin/dynamo
2020-03-30 18:02:27,3891,threatq,20,0,2626844,914912,8692,S,0.0,11.4,18:27.01,/opt/threatq/python/bin/python3.5,/opt/threatq/python/bin/dynamo
2020-03-30 18:03:29,3891,threatq,20,0,2626844,914912,8692,R,84.2,11.4,18:34.68,/opt/threatq/python/bin/python3.5,/opt/threatq/python/bin/dynamo
2020-03-30 18:04:30,3891,threatq,20,0,2626844,914912,8692,S,0.0,11.4,18:44.46,/opt/threatq/python/bin/python3.5,/opt/threatq/python/bin/dynamo
2020-03-30 18:05:30,3891,threatq,20,0,2626844,914912,8692,S,0.0,11.4,18:55.87,/opt/threatq/python/bin/python3.5,/opt/threatq/python/bin/dynamo
2020-03-30 18:06:31,3891,threatq,20,0,2626844,914912,8692,S,0.0,11.4,19:07.28,/opt/threatq/python/bin/python3.5,/opt/threatq/python/bin/dynamo
2020-03-30 18:07:33,3891,threatq,20,0,2626844,914912,8692,S,0.0,11.4,19:16.17,/opt/threatq/python/bin/python3.5,/opt/threatq/python/bin/dynamo
2020-03-30 18:08:34,3891,threatq,20,0,2626844,914912,8692,S,0.0,11.4,19:27.22,/opt/threatq/python/bin/python3.5,/opt/threatq/python/bin/dynamo
2020-03-30 18:09:34,3891,threatq,20,0,2626844,914912,8692,S,0.0,11.4,19:35.34,/opt/threatq/python/bin/python3.5,/opt/threatq/python/bin/dynamo
2020-03-30 18:10:36,3891,threatq,20,0,2626844,914912,8692,S,0.0,11.4,19:45.71,/opt/threatq/python/bin/python3.5,/opt/threatq/python/bin/dynamo
2020-03-30 18:11:37,3891,threatq,20,0,2626844,914912,8692,S,0.0,11.4,19:55.91,/opt/threatq/python/bin/python3.5,/opt/threatq/python/bin/dynamo
2020-03-30 18:12:38,3891,threatq,20,0,2626844,914912,8692,S,0.0,11.4,20:02.54,/opt/threatq/python/bin/python3.5,/opt/threatq/python/bin/dynamo
2020-03-30 18:13:38,3891,threatq,20,0,2626844,914912,8692,S,0.0,11.4,20:13.24,/opt/threatq/python/bin/python3.5,/opt/threatq/python/bin/dynamo
2020-03-30 18:14:40,3891,threatq,20,0,2626844,914912,8692,S,0.0,11.4,20:24.70,/opt/threatq/python/bin/python3.5,/opt/threatq/python/bin/dynamo
2020-03-30 18:15:42,3891,threatq,20,0,2626844,914912,8692,S,0.0,11.4,20:35.25,/opt/threatq/python/bin/python3.5,/opt/threatq/python/bin/dynamo
2020-03-30 18:16:42,3891,threatq,20,0,2626844,914912,8692,S,0.0,11.4,20:42.87,/opt/threatq/python/bin/python3.5,/opt/threatq/python/bin/dynamo
2020-03-30 18:17:44,3891,threatq,20,0,2626844,914912,8692,S,0.0,11.4,20:52.85,/opt/threatq/python/bin/python3.5,/opt/threatq/python/bin/dynamo
2020-03-30 18:18:45,3891,threatq,20,0,2626844,914912,8692,S,0.0,11.4,20:59.40,/opt/threatq/python/bin/python3.5,/opt/threatq/python/bin/dynamo
2020-03-30 18:19:46,3891,threatq,20,0,2626844,914912,8692,S,0.0,11.4,21:09.38,/opt/threatq/python/bin/python3.5,/opt/threatq/python/bin/dynamo
2020-03-30 18:20:46,3891,threatq,20,0,2626844,914912,8692,S,0.0,11.4,21:19.77,/opt/threatq/python/bin/python3.5,/opt/threatq/python/bin/dynamo
2020-03-30 18:21:48,3891,threatq,20,0,2626844,914912,8692,S,0.0,11.4,21:28.44,/opt/threatq/python/bin/python3.5,/opt/threatq/python/bin/dynamo
2020-03-30 18:22:50,3891,threatq,20,0,2626844,914912,8692,S,0.0,11.4,21:36.44,/opt/threatq/python/bin/python3.5,/opt/threatq/python/bin/dynamo
2020-03-30 18:23:50,3891,threatq,20,0,2626844,914912,8692,S,5.9,11.4,21:42.99,/opt/threatq/python/bin/python3.5,/opt/threatq/python/bin/dynamo
2020-03-30 18:24:52,3891,threatq,20,0,2626844,914912,8692,S,5.9,11.4,21:56.28,/opt/threatq/python/bin/python3.5,/opt/threatq/python/bin/dynamo
2020-03-30 18:25:53,3891,threatq,20,0,2626844,914912,8692,S,5.6,11.4,22:08.85,/opt/threatq/python/bin/python3.5,/opt/threatq/python/bin/dynamo
2020-03-30 18:26:54,3891,threatq,20,0,2626844,914912,8692,S,5.6,11.4,22:19.69,/opt/threatq/python/bin/python3.5,/opt/threatq/python/bin/dynamo
2020-03-30 18:27:54,3891,threatq,20,0,2626844,914912,8692,S,0.0,11.4,22:30.32,/opt/threatq/python/bin/python3.5,/opt/threatq/python/bin/dynamo
2020-03-30 18:28:55,3891,threatq,20,0,2626844,914912,8692,S,5.6,11.4,22:37.07,/opt/threatq/python/bin/python3.5,/opt/threatq/python/bin/dynamo
2020-03-30 18:29:56,3891,threatq,20,0,2626844,914912,8692,S,0.0,11.4,22:45.41,/opt/threatq/python/bin/python3.5,/opt/threatq/python/bin/dynamo
2020-03-30 18:30:57,3891,threatq,20,0,2626844,914912,8692,S,0.0,11.4,22:52.89,/opt/threatq/python/bin/python3.5,/opt/threatq/python/bin/dynamo
2020-03-30 18:31:57,3891,threatq,20,0,2626844,914912,8692,S,0.0,11.4,23:04.36,/opt/threatq/python/bin/python3.5,/opt/threatq/python/bin/dynamo
2020-03-30 18:32:59,3891,threatq,20,0,2626844,914912,8692,S,9.5,11.4,23:12.68,/opt/threatq/python/bin/python3.5,/opt/threatq/python/bin/dynamo
2020-03-30 18:34:01,3891,threatq,20,0,2626844,914912,8692,S,4.8,11.4,23:25.33,/opt/threatq/python/bin/python3.5,/opt/threatq/python/bin/dynamo
2020-03-30 18:35:03,3891,threatq,20,0,2626844,914912,8692,S,5.9,11.4,23:36.36,/opt/threatq/python/bin/python3.5,/opt/threatq/python/bin/dynamo
2020-03-30 18:36:04,3891,threatq,20,0,2626844,914912,8692,R,71.4,11.4,23:47.84,/opt/threatq/python/bin/python3.5,/opt/threatq/python/bin/dynamo
2020-03-30 18:37:05,3891,threatq,20,0,2626844,914912,8692,S,0.0,11.4,23:54.19,/opt/threatq/python/bin/python3.5,/opt/threatq/python/bin/dynamo
2020-03-30 18:38:07,3891,threatq,20,0,2626844,914912,8692,S,0.0,11.4,24:04.26,/opt/threatq/python/bin/python3.5,/opt/threatq/python/bin/dynamo
2020-03-30 18:39:08,3891,threatq,20,0,2626844,914912,8692,S,0.0,11.4,24:16.03,/opt/threatq/python/bin/python3.5,/opt/threatq/python/bin/dynamo
2020-03-30 18:40:10,3891,threatq,20,0,2626844,914912,8692,S,0.0,11.4,24:24.85,/opt/threatq/python/bin/python3.5,/opt/threatq/python/bin/dynamo
2020-03-30 18:41:10,3891,threatq,20,0,2626844,914912,8692,R,0.0,11.4,24:35.37,/opt/threatq/python/bin/python3.5,/opt/threatq/python/bin/dynamo
2020-03-30 18:42:12,3891,threatq,20,0,2626844,914912,8692,S,0.0,11.4,24:41.74,/opt/threatq/python/bin/python3.5,/opt/threatq/python/bin/dynamo
2020-03-30 18:43:14,3891,threatq,20,0,2626844,914308,8088,S,0.0,11.4,24:52.77,/opt/threatq/python/bin/python3.5,/opt/threatq/python/bin/dynamo
2020-03-30 18:44:15,3891,threatq,20,0,2626844,914308,8088,S,0.0,11.4,25:02.75,/opt/threatq/python/bin/python3.5,/opt/threatq/python/bin/dynamo
2020-03-30 18:45:17,3891,threatq,20,0,2626844,914308,8088,R,80.0,11.4,25:12.90,/opt/threatq/python/bin/python3.5,/opt/threatq/python/bin/dynamo
2020-03-30 18:46:17,3891,threatq,20,0,2626844,914308,8088,S,0.0,11.4,25:22.44,/opt/threatq/python/bin/python3.5,/opt/threatq/python/bin/dynamo
2020-03-30 18:47:19,3891,threatq,20,0,2626844,914308,8088,S,5.6,11.4,25:32.04,/opt/threatq/python/bin/python3.5,/opt/threatq/python/bin/dynamo
2020-03-30 18:48:20,3891,threatq,20,0,2626844,914308,8088,S,0.0,11.4,25:40.59,/opt/threatq/python/bin/python3.5,/opt/threatq/python/bin/dynamo
2020-03-30 18:49:22,3891,threatq,20,0,2626844,914308,8088,R,31.6,11.4,25:50.68,/opt/threatq/python/bin/python3.5,/opt/threatq/python/bin/dynamo
2020-03-30 18:50:22,3891,threatq,20,0,2626844,914308,8088,S,0.0,11.4,26:00.58,/opt/threatq/python/bin/python3.5,/opt/threatq/python/bin/dynamo
2020-03-30 18:51:23,3891,threatq,20,0,2626844,914308,8088,S,0.0,11.4,26:10.87,/opt/threatq/python/bin/python3.5,/opt/threatq/python/bin/dynamo
2020-03-30 18:52:25,3891,threatq,20,0,2626844,914308,8088,R,84.2,11.4,26:17.92,/opt/threatq/python/bin/python3.5,/opt/threatq/python/bin/dynamo
2020-03-30 18:53:26,3891,threatq,20,0,2626844,913868,7648,S,0.0,11.4,26:26.91,/opt/threatq/python/bin/python3.5,/opt/threatq/python/bin/dynamo
2020-03-30 18:54:28,3891,threatq,20,0,2626844,913868,7648,S,0.0,11.4,26:37.53,/opt/threatq/python/bin/python3.5,/opt/threatq/python/bin/dynamo
2020-03-30 18:55:28,3891,threatq,20,0,2626844,913868,7648,S,0.0,11.4,26:46.31,/opt/threatq/python/bin/python3.5,/opt/threatq/python/bin/dynamo
2020-03-30 18:56:29,3891,threatq,20,0,2626844,913868,7648,S,0.0,11.4,26:55.86,/opt/threatq/python/bin/python3.5,/opt/threatq/python/bin/dynamo
2020-03-30 18:57:30,3891,threatq,20,0,2626844,913868,7648,S,0.0,11.4,27:04.12,/opt/threatq/python/bin/python3.5,/opt/threatq/python/bin/dynamo
2020-03-30 18:58:31,3891,threatq,20,0,2626844,913868,7648,S,0.0,11.4,27:13.89,/opt/threatq/python/bin/python3.5,/opt/threatq/python/bin/dynamo
2020-03-30 18:59:31,3891,threatq,20,0,2626844,913868,7648,S,0.0,11.4,27:23.54,/opt/threatq/python/bin/python3.5,/opt/threatq/python/bin/dynamo
2020-03-30 19:00:32,3891,threatq,20,0,2626844,913868,7648,R,88.9,11.4,27:31.54,/opt/threatq/python/bin/python3.5,/opt/threatq/python/bin/dynamo
2020-03-30 19:01:33,3891,threatq,20,0,2626844,913864,7644,R,88.9,11.4,27:41.62,/opt/threatq/python/bin/python3.5,/opt/threatq/python/bin/dynamo
2020-03-30 19:02:34,3891,threatq,20,0,2626844,913864,7644,S,0.0,11.4,27:49.45,/opt/threatq/python/bin/python3.5,/opt/threatq/python/bin/dynamo
2020-03-30 19:03:35,3891,threatq,20,0,2626844,913636,7416,S,0.0,11.4,27:59.79,/opt/threatq/python/bin/python3.5,/opt/threatq/python/bin/dynamo
2020-03-30 19:04:37,3891,threatq,20,0,2626844,913636,7416,S,0.0,11.4,28:09.93,/opt/threatq/python/bin/python3.5,/opt/threatq/python/bin/dynamo
2020-03-30 19:05:38,3891,threatq,20,0,2626844,913636,7416,R,88.9,11.4,28:19.50,/opt/threatq/python/bin/python3.5,/opt/threatq/python/bin/dynamo
2020-03-30 19:06:38,3891,threatq,20,0,2626844,913636,7416,S,0.0,11.4,28:29.59,/opt/threatq/python/bin/python3.5,/opt/threatq/python/bin/dynamo
2020-03-30 19:07:39,3891,threatq,20,0,2626844,913636,7416,S,0.0,11.4,28:38.19,/opt/threatq/python/bin/python3.5,/opt/threatq/python/bin/dynamo
2020-03-30 19:08:40,3891,threatq,20,0,2626844,913636,7416,S,0.0,11.4,28:48.65,/opt/threatq/python/bin/python3.5,/opt/threatq/python/bin/dynamo
2020-03-30 19:09:40,3891,threatq,20,0,2626844,913636,7416,S,0.0,11.4,28:56.61,/opt/threatq/python/bin/python3.5,/opt/threatq/python/bin/dynamo
2020-03-30 19:10:41,3891,threatq,20,0,2626844,913636,7416,S,70.6,11.4,29:07.80,/opt/threatq/python/bin/python3.5,/opt/threatq/python/bin/dynamo
2020-03-30 19:11:43,3891,threatq,20,0,2626844,913636,7416,S,0.0,11.4,29:17.82,/opt/threatq/python/bin/python3.5,/opt/threatq/python/bin/dynamo
2020-03-30 19:12:45,3891,threatq,20,0,2626844,913636,7416,S,0.0,11.4,29:23.93,/opt/threatq/python/bin/python3.5,/opt/threatq/python/bin/dynamo
2020-03-30 19:13:45,3891,threatq,20,0,2626844,913636,7416,S,0.0,11.4,29:34.32,/opt/threatq/python/bin/python3.5,/opt/threatq/python/bin/dynamo
2020-03-30 19:14:46,3891,threatq,20,0,2626844,913636,7416,S,0.0,11.4,29:42.36,/opt/threatq/python/bin/python3.5,/opt/threatq/python/bin/dynamo
2020-03-30 19:15:47,3891,threatq,20,0,2626844,913636,7416,S,0.0,11.4,29:52.27,/opt/threatq/python/bin/python3.5,/opt/threatq/python/bin/dynamo
2020-03-30 19:16:47,3891,threatq,20,0,2626844,913636,7416,S,0.0,11.4,30:00.83,/opt/threatq/python/bin/python3.5,/opt/threatq/python/bin/dynamo
2020-03-30 19:17:48,3891,threatq,20,0,2626844,913636,7416,R,21.1,11.4,30:09.50,/opt/threatq/python/bin/python3.5,/opt/threatq/python/bin/dynamo
2020-03-30 19:18:49,3891,threatq,20,0,2626844,913636,7416,S,0.0,11.4,30:16.04,/opt/threatq/python/bin/python3.5,/opt/threatq/python/bin/dynamo
2020-03-30 19:19:50,3891,threatq,20,0,2626844,913636,7416,S,0.0,11.4,30:25.93,/opt/threatq/python/bin/python3.5,/opt/threatq/python/bin/dynamo
2020-03-30 19:20:50,3891,threatq,20,0,2626844,913636,7416,R,94.4,11.4,30:38.16,/opt/threatq/python/bin/python3.5,/opt/threatq/python/bin/dynamo
2020-03-30 19:21:51,3891,threatq,20,0,2626844,913636,7416,S,0.0,11.4,30:45.60,/opt/threatq/python/bin/python3.5,/opt/threatq/python/bin/dynamo
2020-03-30 19:22:53,3891,threatq,20,0,2626844,913636,7416,S,0.0,11.4,30:56.23,/opt/threatq/python/bin/python3.5,/opt/threatq/python/bin/dynamo
2020-03-30 19:23:53,3891,threatq,20,0,2626844,913636,7416,S,0.0,11.4,31:07.07,/opt/threatq/python/bin/python3.5,/opt/threatq/python/bin/dynamo
2020-03-30 19:24:54,3891,threatq,20,0,2626844,913636,7416,S,0.0,11.4,31:17.05,/opt/threatq/python/bin/python3.5,/opt/threatq/python/bin/dynamo
2020-03-30 19:25:55,3891,threatq,20,0,2626844,913636,7416,S,0.0,11.4,31:24.92,/opt/threatq/python/bin/python3.5,/opt/threatq/python/bin/dynamo
2020-03-30 19:26:56,3891,threatq,20,0,2626844,913636,7416,S,0.0,11.4,31:35.40,/opt/threatq/python/bin/python3.5,/opt/threatq/python/bin/dynamo
2020-03-30 19:27:57,3891,threatq,20,0,2626844,913636,7416,S,0.0,11.4,31:43.98,/opt/threatq/python/bin/python3.5,/opt/threatq/python/bin/dynamo
2020-03-30 19:28:57,3891,threatq,20,0,2626844,913636,7416,S,0.0,11.4,31:53.97,/opt/threatq/python/bin/python3.5,/opt/threatq/python/bin/dynamo
2020-03-30 19:29:59,3891,threatq,20,0,2626844,913636,7416,S,0.0,11.4,32:03.64,/opt/threatq/python/bin/python3.5,/opt/threatq/python/bin/dynamo
2020-03-30 19:31:00,3891,threatq,20,0,2626844,913636,7416,R,40.7,11.4,32:13.53,/opt/threatq/python/bin/python3.5,/opt/threatq/python/bin/dynamo
2020-03-30 19:32:00,3891,threatq,20,0,2626844,913636,7416,S,0.0,11.4,32:22.12,/opt/threatq/python/bin/python3.5,/opt/threatq/python/bin/dynamo
2020-03-30 19:33:01,3891,threatq,20,0,2626844,913636,7416,S,5.6,11.4,32:31.60,/opt/threatq/python/bin/python3.5,/opt/threatq/python/bin/dynamo
2020-03-30 19:34:03,3891,threatq,20,0,2626844,913636,7416,R,5.9,11.4,32:39.77,/opt/threatq/python/bin/python3.5,/opt/threatq/python/bin/dynamo
2020-03-30 19:35:05,3891,threatq,20,0,2626844,913636,7416,S,5.6,11.4,32:50.25,/opt/threatq/python/bin/python3.5,/opt/threatq/python/bin/dynamo
2020-03-30 19:36:07,3891,threatq,20,0,2626844,913636,7416,S,0.0,11.4,33:00.65,/opt/threatq/python/bin/python3.5,/opt/threatq/python/bin/dynamo
2020-03-30 19:37:08,3891,threatq,20,0,2626844,913636,7416,S,5.3,11.4,33:08.01,/opt/threatq/python/bin/python3.5,/opt/threatq/python/bin/dynamo
2020-03-30 19:38:08,3891,threatq,20,0,2626844,913636,7416,S,0.0,11.4,33:16.27,/opt/threatq/python/bin/python3.5,/opt/threatq/python/bin/dynamo
2020-03-30 19:39:09,3891,threatq,20,0,2626844,913636,7416,S,0.0,11.4,33:24.05,/opt/threatq/python/bin/python3.5,/opt/threatq/python/bin/dynamo
2020-03-30 19:40:11,3891,threatq,20,0,2626844,913636,7416,S,0.0,11.4,33:29.52,/opt/threatq/python/bin/python3.5,/opt/threatq/python/bin/dynamo
2020-03-30 19:41:13,3891,threatq,20,0,2626844,913636,7416,S,0.0,11.4,33:40.10,/opt/threatq/python/bin/python3.5,/opt/threatq/python/bin/dynamo
2020-03-30 19:42:15,3891,threatq,20,0,2626844,913636,7416,S,0.0,11.4,33:49.49,/opt/threatq/python/bin/python3.5,/opt/threatq/python/bin/dynamo
2020-03-30 19:43:15,3891,threatq,20,0,2626844,913636,7416,S,0.0,11.4,33:57.63,/opt/threatq/python/bin/python3.5,/opt/threatq/python/bin/dynamo
2020-03-30 19:44:16,3891,threatq,20,0,2626844,913636,7416,S,0.0,11.4,34:09.07,/opt/threatq/python/bin/python3.5,/opt/threatq/python/bin/dynamo
2020-03-30 19:45:17,3891,threatq,20,0,2626844,913636,7416,S,0.0,11.4,34:18.45,/opt/threatq/python/bin/python3.5,/opt/threatq/python/bin/dynamo
2020-03-30 19:46:19,3891,threatq,20,0,2626844,913636,7416,S,0.0,11.4,34:28.32,/opt/threatq/python/bin/python3.5,/opt/threatq/python/bin/dynamo
2020-03-30 19:47:20,3891,threatq,20,0,2626844,913636,7416,S,0.0,11.4,34:34.50,/opt/threatq/python/bin/python3.5,/opt/threatq/python/bin/dynamo
2020-03-30 19:48:22,3891,threatq,20,0,2626844,913636,7416,S,0.0,11.4,34:44.63,/opt/threatq/python/bin/python3.5,/opt/threatq/python/bin/dynamo
2020-03-30 19:49:23,3891,threatq,20,0,2626588,913380,7416,S,0.0,11.4,34:54.38,/opt/threatq/python/bin/python3.5,/opt/threatq/python/bin/dynamo
2020-03-30 19:50:23,3891,threatq,20,0,2626588,913380,7416,S,0.0,11.4,35:04.18,/opt/threatq/python/bin/python3.5,/opt/threatq/python/bin/dynamo
2020-03-30 19:51:25,3891,threatq,20,0,2626588,913380,7416,S,0.0,11.4,35:14.20,/opt/threatq/python/bin/python3.5,/opt/threatq/python/bin/dynamo
2020-03-30 19:52:26,3891,threatq,20,0,2626588,913380,7416,S,0.0,11.4,35:22.48,/opt/threatq/python/bin/python3.5,/opt/threatq/python/bin/dynamo
2020-03-30 19:53:27,3891,threatq,20,0,2626588,913380,7416,S,0.0,11.4,35:31.25,/opt/threatq/python/bin/python3.5,/opt/threatq/python/bin/dynamo
2020-03-30 19:54:28,3891,threatq,20,0,2626588,913380,7416,S,0.0,11.4,35:40.68,/opt/threatq/python/bin/python3.5,/opt/threatq/python/bin/dynamo
2020-03-30 19:55:29,3891,threatq,20,0,2626588,913380,7416,S,0.0,11.4,35:50.50,/opt/threatq/python/bin/python3.5,/opt/threatq/python/bin/dynamo
2020-03-30 19:56:30,3891,threatq,20,0,2626588,913380,7416,S,0.0,11.4,36:01.10,/opt/threatq/python/bin/python3.5,/opt/threatq/python/bin/dynamo
2020-03-30 19:57:32,3891,threatq,20,0,2626588,913380,7416,R,27.8,11.4,36:09.89,/opt/threatq/python/bin/python3.5,/opt/threatq/python/bin/dynamo
2020-03-30 19:58:32,3891,threatq,20,0,2626588,913380,7416,S,0.0,11.4,36:16.46,/opt/threatq/python/bin/python3.5,/opt/threatq/python/bin/dynamo
2020-03-30 19:59:33,3891,threatq,20,0,2626588,913380,7416,S,0.0,11.4,36:26.88,/opt/threatq/python/bin/python3.5,/opt/threatq/python/bin/dynamo
2020-03-30 20:00:34,3891,threatq,20,0,2626588,913380,7416,S,0.0,11.4,36:36.65,/opt/threatq/python/bin/python3.5,/opt/threatq/python/bin/dynamo
2020-03-30 20:01:35,3891,threatq,20,0,2626588,913380,7416,S,0.0,11.4,36:45.76,/opt/threatq/python/bin/python3.5,/opt/threatq/python/bin/dynamo
2020-03-30 20:02:36,3891,threatq,20,0,2626588,913380,7416,S,0.0,11.4,36:54.01,/opt/threatq/python/bin/python3.5,/opt/threatq/python/bin/dynamo
2020-03-30 20:03:37,3891,threatq,20,0,2626588,913380,7416,R,33.3,11.4,37:02.20,/opt/threatq/python/bin/python3.5,/opt/threatq/python/bin/dynamo
2020-03-30 20:04:38,3891,threatq,20,0,2626332,913124,7416,R,88.9,11.4,37:10.70,/opt/threatq/python/bin/python3.5,/opt/threatq/python/bin/dynamo
2020-03-30 20:05:39,3891,threatq,20,0,2626332,913124,7416,S,0.0,11.4,37:18.72,/opt/threatq/python/bin/python3.5,/opt/threatq/python/bin/dynamo
2020-03-30 20:06:39,3891,threatq,20,0,2626332,913124,7416,S,0.0,11.4,37:29.14,/opt/threatq/python/bin/python3.5,/opt/threatq/python/bin/dynamo
2020-03-30 20:07:41,3891,threatq,20,0,2626332,913124,7416,S,0.0,11.4,37:37.02,/opt/threatq/python/bin/python3.5,/opt/threatq/python/bin/dynamo
2020-03-30 20:08:42,3891,threatq,20,0,2626332,913124,7416,R,94.1,11.4,37:45.45,/opt/threatq/python/bin/python3.5,/opt/threatq/python/bin/dynamo
2020-03-30 20:09:42,3891,threatq,20,0,2626332,913124,7416,S,0.0,11.4,37:56.02,/opt/threatq/python/bin/python3.5,/opt/threatq/python/bin/dynamo
2020-03-30 20:10:43,3891,threatq,20,0,2626332,913124,7416,S,5.6,11.4,38:06.33,/opt/threatq/python/bin/python3.5,/opt/threatq/python/bin/dynamo
2020-03-30 20:11:45,3891,threatq,20,0,2626332,913124,7416,R,88.9,11.4,38:13.73,/opt/threatq/python/bin/python3.5,/opt/threatq/python/bin/dynamo
2020-03-30 20:12:46,3891,threatq,20,0,2626332,913124,7416,S,0.0,11.4,38:23.23,/opt/threatq/python/bin/python3.5,/opt/threatq/python/bin/dynamo
2020-03-30 20:13:46,3891,threatq,20,0,2626332,913124,7416,S,0.0,11.4,38:30.94,/opt/threatq/python/bin/python3.5,/opt/threatq/python/bin/dynamo
2020-03-30 20:14:47,3891,threatq,20,0,2626332,913124,7416,S,0.0,11.4,38:39.73,/opt/threatq/python/bin/python3.5,/opt/threatq/python/bin/dynamo
2020-03-30 20:15:48,3891,threatq,20,0,2626332,913124,7416,S,0.0,11.4,38:49.62,/opt/threatq/python/bin/python3.5,/opt/threatq/python/bin/dynamo
2020-03-30 20:16:48,3891,threatq,20,0,2626332,913124,7416,S,0.0,11.4,38:55.16,/opt/threatq/python/bin/python3.5,/opt/threatq/python/bin/dynamo
2020-03-30 20:17:49,3891,threatq,20,0,2626332,913124,7416,R,94.4,11.4,39:04.43,/opt/threatq/python/bin/python3.5,/opt/threatq/python/bin/dynamo
2020-03-30 20:18:50,3891,threatq,20,0,2626332,913120,7412,S,0.0,11.4,39:12.19,/opt/threatq/python/bin/python3.5,/opt/threatq/python/bin/dynamo
2020-03-30 20:19:50,3891,threatq,20,0,2626332,913120,7412,R,83.3,11.4,39:22.57,/opt/threatq/python/bin/python3.5,/opt/threatq/python/bin/dynamo
2020-03-30 20:20:51,3891,threatq,20,0,2626332,913120,7412,R,94.7,11.4,39:33.19,/opt/threatq/python/bin/python3.5,/opt/threatq/python/bin/dynamo
2020-03-30 20:21:52,3891,threatq,20,0,2626332,913120,7412,S,0.0,11.4,39:39.78,/opt/threatq/python/bin/python3.5,/opt/threatq/python/bin/dynamo
2020-03-30 20:22:54,3891,threatq,20,0,2626332,913120,7412,R,88.9,11.4,39:47.53,/opt/threatq/python/bin/python3.5,/opt/threatq/python/bin/dynamo
2020-03-30 20:23:54,3891,threatq,20,0,2626332,913120,7412,S,0.0,11.4,39:57.54,/opt/threatq/python/bin/python3.5,/opt/threatq/python/bin/dynamo
2020-03-30 20:24:55,3891,threatq,20,0,2626332,913120,7412,S,0.0,11.4,40:06.12,/opt/threatq/python/bin/python3.5,/opt/threatq/python/bin/dynamo
2020-03-30 20:25:56,3891,threatq,20,0,2626332,913120,7412,S,0.0,11.4,40:17.31,/opt/threatq/python/bin/python3.5,/opt/threatq/python/bin/dynamo
2020-03-30 20:26:57,3891,threatq,20,0,2626332,913120,7412,S,0.0,11.4,40:22.70,/opt/threatq/python/bin/python3.5,/opt/threatq/python/bin/dynamo
2020-03-30 20:27:58,3891,threatq,20,0,2626332,913120,7412,S,0.0,11.4,40:32.73,/opt/threatq/python/bin/python3.5,/opt/threatq/python/bin/dynamo
2020-03-30 20:28:59,3891,threatq,20,0,2626332,913120,7412,S,0.0,11.4,40:41.28,/opt/threatq/python/bin/python3.5,/opt/threatq/python/bin/dynamo
2020-03-30 20:30:00,3891,threatq,20,0,2626332,913120,7412,R,64.7,11.4,40:53.02,/opt/threatq/python/bin/python3.5,/opt/threatq/python/bin/dynamo
2020-03-30 20:31:00,3891,threatq,20,0,2626332,913116,7408,S,5.6,11.4,40:59.45,/opt/threatq/python/bin/python3.5,/opt/threatq/python/bin/dynamo
2020-03-30 20:32:03,3891,threatq,20,0,2626332,913116,7408,S,0.0,11.4,41:07.39,/opt/threatq/python/bin/python3.5,/opt/threatq/python/bin/dynamo
2020-03-30 20:33:04,3891,threatq,20,0,2626332,913116,7408,S,5.3,11.4,41:15.88,/opt/threatq/python/bin/python3.5,/opt/threatq/python/bin/dynamo
2020-03-30 20:34:06,3891,threatq,20,0,2626332,913116,7408,S,0.0,11.4,41:23.02,/opt/threatq/python/bin/python3.5,/opt/threatq/python/bin/dynamo
2020-03-30 20:35:06,3891,threatq,20,0,2626332,913116,7408,S,5.6,11.4,41:31.84,/opt/threatq/python/bin/python3.5,/opt/threatq/python/bin/dynamo
2020-03-30 20:36:08,3891,threatq,20,0,2626332,913116,7408,S,0.0,11.4,41:40.42,/opt/threatq/python/bin/python3.5,/opt/threatq/python/bin/dynamo
2020-03-30 20:37:10,3891,threatq,20,0,2626332,913116,7408,S,0.0,11.4,41:53.78,/opt/threatq/python/bin/python3.5,/opt/threatq/python/bin/dynamo
2020-03-30 20:38:11,3891,threatq,20,0,2626332,913116,7408,S,0.0,11.4,42:00.16,/opt/threatq/python/bin/python3.5,/opt/threatq/python/bin/dynamo
2020-03-30 20:39:13,3891,threatq,20,0,2626332,913116,7408,S,0.0,11.4,42:08.26,/opt/threatq/python/bin/python3.5,/opt/threatq/python/bin/dynamo
2020-03-30 20:40:14,3891,threatq,20,0,2626332,913116,7408,S,0.0,11.4,42:16.67,/opt/threatq/python/bin/python3.5,/opt/threatq/python/bin/dynamo
2020-03-30 20:41:14,3891,threatq,20,0,2626332,913116,7408,S,0.0,11.4,42:19.88,/opt/threatq/python/bin/python3.5,/opt/threatq/python/bin/dynamo
2020-03-30 20:42:15,3891,threatq,20,0,2596892,883724,7408,S,0.0,11.0,42:22.28,/opt/threatq/python/bin/python3.5,/opt/threatq/python/bin/dynamo
2020-03-30 20:43:17,3891,threatq,20,0,2596892,883724,7408,S,11.1,11.0,42:24.59,/opt/threatq/python/bin/python3.5,/opt/threatq/python/bin/dynamo
2020-03-30 20:44:19,3891,threatq,20,0,2596892,883724,7408,S,0.0,11.0,42:29.49,/opt/threatq/python/bin/python3.5,/opt/threatq/python/bin/dynamo
2020-03-30 20:45:21,3891,threatq,20,0,2596892,883724,7408,S,0.0,11.0,42:32.03,/opt/threatq/python/bin/python3.5,/opt/threatq/python/bin/dynamo
2020-03-30 20:46:22,3891,threatq,20,0,2596892,883724,7408,S,0.0,11.0,42:35.36,/opt/threatq/python/bin/python3.5,/opt/threatq/python/bin/dynamo
2020-03-30 20:47:24,3891,threatq,20,0,2596892,883680,7364,S,0.0,11.0,42:38.05,/opt/threatq/python/bin/python3.5,/opt/threatq/python/bin/dynamo
2020-03-30 20:48:26,3891,threatq,20,0,2596892,883680,7364,S,0.0,11.0,42:41.07,/opt/threatq/python/bin/python3.5,/opt/threatq/python/bin/dynamo
2020-03-30 20:49:27,3891,threatq,20,0,2596892,883680,7364,S,0.0,11.0,42:42.93,/opt/threatq/python/bin/python3.5,/opt/threatq/python/bin/dynamo
2020-03-30 20:50:28,3891,threatq,20,0,2596892,883680,7364,S,0.0,11.0,42:45.19,/opt/threatq/python/bin/python3.5,/opt/threatq/python/bin/dynamo
2020-03-30 20:51:28,3891,threatq,20,0,2596892,883680,7364,S,0.0,11.0,42:49.84,/opt/threatq/python/bin/python3.5,/opt/threatq/python/bin/dynamo
2020-03-30 20:52:29,3891,threatq,20,0,2596892,883680,7364,S,0.0,11.0,42:52.53,/opt/threatq/python/bin/python3.5,/opt/threatq/python/bin/dynamo
2020-03-30 20:53:31,3891,threatq,20,0,2596892,883680,7364,S,0.0,11.0,42:54.95,/opt/threatq/python/bin/python3.5,/opt/threatq/python/bin/dynamo
2020-03-30 20:54:32,3891,threatq,20,0,2596892,883680,7364,S,0.0,11.0,42:58.53,/opt/threatq/python/bin/python3.5,/opt/threatq/python/bin/dynamo
2020-03-30 20:55:32,3891,threatq,20,0,2596892,883680,7364,S,0.0,11.0,43:03.47,/opt/threatq/python/bin/python3.5,/opt/threatq/python/bin/dynamo
2020-03-30 20:56:33,3891,threatq,20,0,2596892,883680,7364,S,41.2,11.0,43:06.07,/opt/threatq/python/bin/python3.5,/opt/threatq/python/bin/dynamo
2020-03-30 20:57:34,3891,threatq,20,0,2596892,883680,7364,S,0.0,11.0,43:07.90,/opt/threatq/python/bin/python3.5,/opt/threatq/python/bin/dynamo
2020-03-30 20:58:34,3891,threatq,20,0,2596892,883680,7364,S,0.0,11.0,43:09.79,/opt/threatq/python/bin/python3.5,/opt/threatq/python/bin/dynamo
2020-03-30 20:59:35,3891,threatq,20,0,2596892,883680,7364,S,0.0,11.0,43:11.05,/opt/threatq/python/bin/python3.5,/opt/threatq/python/bin/dynamo
2020-03-30 21:00:37,3891,threatq,20,0,2596892,883680,7364,S,0.0,11.0,43:12.68,/opt/threatq/python/bin/python3.5,/opt/threatq/python/bin/dynamo
2020-03-30 21:01:37,3891,threatq,20,0,2596892,883656,7340,S,0.0,11.0,43:14.32,/opt/threatq/python/bin/python3.5,/opt/threatq/python/bin/dynamo
2020-03-30 21:02:38,3891,threatq,20,0,2596892,883656,7340,S,0.0,11.0,43:15.74,/opt/threatq/python/bin/python3.5,/opt/threatq/python/bin/dynamo
2020-03-30 21:03:39,3891,threatq,20,0,2596892,883656,7340,S,0.0,11.0,43:17.76,/opt/threatq/python/bin/python3.5,/opt/threatq/python/bin/dynamo
2020-03-30 21:04:40,3891,threatq,20,0,2596892,883656,7340,S,0.0,11.0,43:19.52,/opt/threatq/python/bin/python3.5,/opt/threatq/python/bin/dynamo
2020-03-30 21:05:40,3891,threatq,20,0,2596892,883656,7340,S,0.0,11.0,43:21.32,/opt/threatq/python/bin/python3.5,/opt/threatq/python/bin/dynamo
2020-03-30 21:06:42,3891,threatq,20,0,2596892,883656,7340,S,0.0,11.0,43:23.11,/opt/threatq/python/bin/python3.5,/opt/threatq/python/bin/dynamo
2020-03-30 21:07:43,3891,threatq,20,0,2596892,883656,7340,S,0.0,11.0,43:25.08,/opt/threatq/python/bin/python3.5,/opt/threatq/python/bin/dynamo
2020-03-30 21:08:43,3891,threatq,20,0,2596892,883656,7340,S,0.0,11.0,43:26.88,/opt/threatq/python/bin/python3.5,/opt/threatq/python/bin/dynamo
2020-03-30 21:09:45,3891,threatq,20,0,2596892,883656,7340,S,0.0,11.0,43:28.88,/opt/threatq/python/bin/python3.5,/opt/threatq/python/bin/dynamo
2020-03-30 21:10:46,3891,threatq,20,0,2596892,883656,7340,S,0.0,11.0,43:30.80,/opt/threatq/python/bin/python3.5,/opt/threatq/python/bin/dynamo
2020-03-30 21:11:47,3891,threatq,20,0,2596892,883584,7268,S,0.0,11.0,43:32.81,/opt/threatq/python/bin/python3.5,/opt/threatq/python/bin/dynamo
2020-03-30 21:12:47,3891,threatq,20,0,2596892,883584,7268,S,0.0,11.0,43:34.44,/opt/threatq/python/bin/python3.5,/opt/threatq/python/bin/dynamo
2020-03-30 21:13:48,3891,threatq,20,0,2596892,883584,7268,S,0.0,11.0,43:36.36,/opt/threatq/python/bin/python3.5,/opt/threatq/python/bin/dynamo
2020-03-30 21:14:49,3891,threatq,20,0,2596892,883584,7268,S,0.0,11.0,43:37.40,/opt/threatq/python/bin/python3.5,/opt/threatq/python/bin/dynamo
2020-03-30 21:15:50,3891,threatq,20,0,2596892,883584,7268,S,0.0,11.0,43:39.04,/opt/threatq/python/bin/python3.5,/opt/threatq/python/bin/dynamo
2020-03-30 21:16:51,3891,threatq,20,0,2596892,883584,7268,S,0.0,11.0,43:40.96,/opt/threatq/python/bin/python3.5,/opt/threatq/python/bin/dynamo
2020-03-30 21:17:52,3891,threatq,20,0,2596892,883540,7224,S,0.0,11.0,43:42.22,/opt/threatq/python/bin/python3.5,/opt/threatq/python/bin/dynamo
2020-03-30 21:18:53,3891,threatq,20,0,2596892,883540,7224,S,0.0,11.0,43:45.22,/opt/threatq/python/bin/python3.5,/opt/threatq/python/bin/dynamo
2020-03-30 21:19:54,3891,threatq,20,0,2596892,883540,7224,S,0.0,11.0,43:49.14,/opt/threatq/python/bin/python3.5,/opt/threatq/python/bin/dynamo
2020-03-30 21:20:55,3891,threatq,20,0,2596892,883540,7224,S,0.0,11.0,43:50.24,/opt/threatq/python/bin/python3.5,/opt/threatq/python/bin/dynamo
2020-03-30 21:21:56,3891,threatq,20,0,2596892,883540,7224,S,0.0,11.0,43:51.13,/opt/threatq/python/bin/python3.5,/opt/threatq/python/bin/dynamo
2020-03-30 21:22:57,3891,threatq,20,0,2596892,883540,7224,S,0.0,11.0,43:54.94,/opt/threatq/python/bin/python3.5,/opt/threatq/python/bin/dynamo
2020-03-30 21:23:57,3891,threatq,20,0,2596892,883540,7224,S,0.0,11.0,43:56.04,/opt/threatq/python/bin/python3.5,/opt/threatq/python/bin/dynamo
2020-03-30 21:24:58,3891,threatq,20,0,2596892,883540,7224,S,0.0,11.0,43:59.53,/opt/threatq/python/bin/python3.5,/opt/threatq/python/bin/dynamo
2020-03-30 21:25:59,3891,threatq,20,0,2596892,883540,7224,S,0.0,11.0,44:02.28,/opt/threatq/python/bin/python3.5,/opt/threatq/python/bin/dynamo
2020-03-30 21:26:59,3891,threatq,20,0,2596892,883540,7224,S,0.0,11.0,44:04.04,/opt/threatq/python/bin/python3.5,/opt/threatq/python/bin/dynamo
2020-03-30 21:28:00,3891,threatq,20,0,2596892,883540,7224,S,0.0,11.0,44:05.00,/opt/threatq/python/bin/python3.5,/opt/threatq/python/bin/dynamo
2020-03-30 21:29:01,3891,threatq,20,0,2596892,883540,7224,S,0.0,11.0,44:06.05,/opt/threatq/python/bin/python3.5,/opt/threatq/python/bin/dynamo
2020-03-30 21:30:02,3891,threatq,20,0,2596892,883540,7224,S,0.0,11.0,44:07.18,/opt/threatq/python/bin/python3.5,/opt/threatq/python/bin/dynamo
2020-03-30 21:31:06,3891,threatq,20,0,2596892,883540,7224,S,0.0,11.0,44:08.23,/opt/threatq/python/bin/python3.5,/opt/threatq/python/bin/dynamo
2020-03-30 21:32:07,3891,threatq,20,0,2596892,883540,7224,S,5.3,11.0,44:09.50,/opt/threatq/python/bin/python3.5,/opt/threatq/python/bin/dynamo
2020-03-30 21:33:08,3891,threatq,20,0,2596892,883540,7224,S,0.0,11.0,44:10.64,/opt/threatq/python/bin/python3.5,/opt/threatq/python/bin/dynamo
2020-03-30 21:34:10,3891,threatq,20,0,2596892,883540,7224,S,0.0,11.0,44:11.66,/opt/threatq/python/bin/python3.5,/opt/threatq/python/bin/dynamo
2020-03-30 21:35:12,3891,threatq,20,0,2596892,883540,7224,S,0.0,11.0,44:19.18,/opt/threatq/python/bin/python3.5,/opt/threatq/python/bin/dynamo
2020-03-30 21:36:14,3891,threatq,20,0,2596892,883540,7224,S,0.0,11.0,44:20.45,/opt/threatq/python/bin/python3.5,/opt/threatq/python/bin/dynamo
2020-03-30 21:37:15,3891,threatq,20,0,2596892,883540,7224,S,0.0,11.0,44:21.66,/opt/threatq/python/bin/python3.5,/opt/threatq/python/bin/dynamo
2020-03-30 21:38:17,3891,threatq,20,0,2596892,883540,7224,S,5.6,11.0,44:22.92,/opt/threatq/python/bin/python3.5,/opt/threatq/python/bin/dynamo
2020-03-30 21:39:18,3891,threatq,20,0,2596892,883540,7224,S,5.6,11.0,44:24.43,/opt/threatq/python/bin/python3.5,/opt/threatq/python/bin/dynamo
2020-03-30 21:40:19,3891,threatq,20,0,2596892,883540,7224,S,0.0,11.0,44:27.03,/opt/threatq/python/bin/python3.5,/opt/threatq/python/bin/dynamo
2020-03-30 21:41:20,3891,threatq,20,0,2596892,883540,7224,S,0.0,11.0,44:28.57,/opt/threatq/python/bin/python3.5,/opt/threatq/python/bin/dynamo
2020-03-30 21:42:21,3891,threatq,20,0,2596892,883540,7224,R,5.9,11.0,44:29.34,/opt/threatq/python/bin/python3.5,/opt/threatq/python/bin/dynamo
2020-03-30 21:43:23,3891,threatq,20,0,2596892,883540,7224,S,0.0,11.0,44:30.21,/opt/threatq/python/bin/python3.5,/opt/threatq/python/bin/dynamo
2020-03-30 21:44:23,3891,threatq,20,0,2596892,883540,7224,S,0.0,11.0,44:31.00,/opt/threatq/python/bin/python3.5,/opt/threatq/python/bin/dynamo
2020-03-30 21:45:25,3891,threatq,20,0,2596892,883540,7224,S,0.0,11.0,44:31.79,/opt/threatq/python/bin/python3.5,/opt/threatq/python/bin/dynamo
2020-03-30 21:46:27,3891,threatq,20,0,2596892,883540,7224,S,0.0,11.0,44:32.60,/opt/threatq/python/bin/python3.5,/opt/threatq/python/bin/dynamo
2020-03-30 21:47:29,3891,threatq,20,0,2596892,883540,7224,S,0.0,11.0,44:33.34,/opt/threatq/python/bin/python3.5,/opt/threatq/python/bin/dynamo
2020-03-30 21:48:29,3891,threatq,20,0,2596892,883540,7224,S,0.0,11.0,44:34.15,/opt/threatq/python/bin/python3.5,/opt/threatq/python/bin/dynamo
2020-03-30 21:49:30,3891,threatq,20,0,2596892,883540,7224,S,0.0,11.0,44:35.67,/opt/threatq/python/bin/python3.5,/opt/threatq/python/bin/dynamo
2020-03-30 21:50:31,3891,threatq,20,0,2596892,883540,7224,R,50.0,11.0,44:36.63,/opt/threatq/python/bin/python3.5,/opt/threatq/python/bin/dynamo
2020-03-30 21:51:32,3891,threatq,20,0,2596892,883540,7224,S,0.0,11.0,44:37.67,/opt/threatq/python/bin/python3.5,/opt/threatq/python/bin/dynamo
2020-03-30 21:52:33,3891,threatq,20,0,2596892,883540,7224,S,0.0,11.0,44:38.52,/opt/threatq/python/bin/python3.5,/opt/threatq/python/bin/dynamo
2020-03-30 21:53:34,3891,threatq,20,0,2596892,883540,7224,S,0.0,11.0,44:39.46,/opt/threatq/python/bin/python3.5,/opt/threatq/python/bin/dynamo
2020-03-30 21:54:35,3891,threatq,20,0,2596892,883540,7224,S,0.0,11.0,44:40.42,/opt/threatq/python/bin/python3.5,/opt/threatq/python/bin/dynamo
2020-03-30 21:55:36,3891,threatq,20,0,2596892,883540,7224,S,0.0,11.0,44:41.33,/opt/threatq/python/bin/python3.5,/opt/threatq/python/bin/dynamo
2020-03-30 21:56:36,3891,threatq,20,0,2596892,883540,7224,S,0.0,11.0,44:42.20,/opt/threatq/python/bin/python3.5,/opt/threatq/python/bin/dynamo
2020-03-30 21:57:37,3891,threatq,20,0,2596892,883540,7224,S,0.0,11.0,44:43.78,/opt/threatq/python/bin/python3.5,/opt/threatq/python/bin/dynamo
2020-03-30 21:58:38,3891,threatq,20,0,2596892,883540,7224,S,0.0,11.0,44:44.80,/opt/threatq/python/bin/python3.5,/opt/threatq/python/bin/dynamo
2020-03-30 21:59:39,3891,threatq,20,0,2596892,883540,7224,S,0.0,11.0,44:45.96,/opt/threatq/python/bin/python3.5,/opt/threatq/python/bin/dynamo
2020-03-30 22:00:39,3891,threatq,20,0,2596892,883540,7224,S,0.0,11.0,44:47.37,/opt/threatq/python/bin/python3.5,/opt/threatq/python/bin/dynamo
2020-03-30 22:01:40,3891,threatq,20,0,2253172,546536,7224,S,0.0,6.8,44:49.39,/opt/threatq/python/bin/python3.5,/opt/threatq/python/bin/dynamo
2020-03-30 22:02:41,3891,threatq,20,0,2253172,546536,7224,S,0.0,6.8,44:49.57,/opt/threatq/python/bin/python3.5,/opt/threatq/python/bin/dynamo
2020-03-30 22:03:41,3891,threatq,20,0,2253172,546536,7224,S,0.0,6.8,44:49.75,/opt/threatq/python/bin/python3.5,/opt/threatq/python/bin/dynamo
2020-03-30 22:04:42,3891,threatq,20,0,2253172,546536,7224,S,0.0,6.8,44:49.92,/opt/threatq/python/bin/python3.5,/opt/threatq/python/bin/dynamo
